<?xml version='1.0' encoding='utf-8'?>
<project xmlns:ns1="http://www.plcopen.org/xml/tc6_0201" xmlns:xhtml="http://www.w3.org/1999/xhtml" xmlns:xsd="http://www.w3.org/2001/XMLSchema" xmlns="http://www.plcopen.org/xml/tc6_0201">
  <fileHeader companyName="Desconhecido" productName="Sem nome" productVersion="1" creationDateTime="2023-12-06T19:26:37"/>
  <contentHeader name="Sem nome" modificationDateTime="2025-02-10T17:11:36">
    <coordinateInfo>
      <fbd>
        <scaling x="10" y="10"/>
      </fbd>
      <ld>
        <scaling x="10" y="10"/>
      </ld>
      <sfc>
        <scaling x="10" y="10"/>
      </sfc>
    </coordinateInfo>
  </contentHeader>
  <types>
    <dataTypes/>
    <pous>
      <pou name="AWS" pouType="program">
        <interface>
          <localVars>
            <variable name="SP" address="%QW0">
              <type>
                <UINT/>
              </type>
              <documentation>
                <xhtml:p><![CDATA[SetPoint]]></xhtml:p>
              </documentation>
            </variable>
            <variable name="PV" address="%IW0">
              <type>
                <UINT/>
              </type>
              <documentation>
                <xhtml:p><![CDATA[Sinal Entrada]]></xhtml:p>
              </documentation>
            </variable>
            <variable name="CV" address="%QW1">
              <type>
                <UINT/>
              </type>
              <documentation>
                <xhtml:p><![CDATA[Sinal Controle]]></xhtml:p>
              </documentation>
            </variable>
            <variable name="ITERM" address="%QD1">
              <type>
                <REAL/>
              </type>
            </variable>
            <variable name="error" address="%QD2">
              <type>
                <REAL/>
              </type>
              <documentation>
                <xhtml:p><![CDATA[Erro do sistema]]></xhtml:p>
              </documentation>
            </variable>
            <variable name="KP" address="%QW2">
              <type>
                <UINT/>
              </type>
              <documentation>
                <xhtml:p><![CDATA[ Contante Proporcional]]></xhtml:p>
              </documentation>
            </variable>
            <variable name="KI" address="%QW3">
              <type>
                <UINT/>
              </type>
              <documentation>
                <xhtml:p><![CDATA[Ganho Integral]]></xhtml:p>
              </documentation>
            </variable>
            <variable name="R1" address="%IW4">
              <type>
                <BOOL/>
              </type>
              <documentation>
                <xhtml:p><![CDATA[Reset bloco integração]]></xhtml:p>
              </documentation>
            </variable>
          </localVars>
          <localVars>
            <variable name="INTEGRAL0">
              <type>
                <derived name="INTEGRAL"/>
              </type>
            </variable>
          </localVars>
        </interface>
        <body>
          <LD>
            <leftPowerRail localId="1" height="40" width="10">
              <position x="20" y="30"/>
              <connectionPointOut formalParameter="">
                <relPosition x="10" y="20"/>
              </connectionPointOut>
            </leftPowerRail>
            <block localId="2" typeName="INTEGRAL" instanceName="INTEGRAL0" height="120" width="90">
              <position x="1170" y="20"/>
              <inputVariables>
                <variable formalParameter="RUN">
                  <connectionPointIn>
                    <relPosition x="0" y="30"/>
                    <connection refLocalId="1">
                      <position x="1170" y="50"/>
                      <position x="30" y="50"/>
                    </connection>
                  </connectionPointIn>
                </variable>
                <variable formalParameter="R1">
                  <connectionPointIn>
                    <relPosition x="0" y="50"/>
                    <connection refLocalId="12">
                      <position x="1170" y="70"/>
                      <position x="1125" y="70"/>
                      <position x="1125" y="80"/>
                      <position x="1030" y="80"/>
                    </connection>
                  </connectionPointIn>
                </variable>
                <variable formalParameter="XIN">
                  <connectionPointIn>
                    <relPosition x="0" y="70"/>
                    <connection refLocalId="13">
                      <position x="1170" y="90"/>
                      <position x="1120" y="90"/>
                      <position x="1120" y="120"/>
                      <position x="1070" y="120"/>
                    </connection>
                  </connectionPointIn>
                </variable>
                <variable formalParameter="X0">
                  <connectionPointIn>
                    <relPosition x="0" y="90"/>
                    <connection refLocalId="23" formalParameter="OUT">
                      <position x="1170" y="110"/>
                      <position x="1135" y="110"/>
                      <position x="1135" y="220"/>
                      <position x="1100" y="220"/>
                    </connection>
                  </connectionPointIn>
                </variable>
                <variable formalParameter="CYCLE">
                  <connectionPointIn>
                    <relPosition x="0" y="110"/>
                    <connection refLocalId="24" formalParameter="OUT">
                      <position x="1170" y="130"/>
                      <position x="1160" y="130"/>
                      <position x="1160" y="290"/>
                      <position x="1100" y="290"/>
                    </connection>
                  </connectionPointIn>
                </variable>
              </inputVariables>
              <inOutVariables/>
              <outputVariables>
                <variable formalParameter="Q">
                  <connectionPointOut>
                    <relPosition x="90" y="30"/>
                  </connectionPointOut>
                </variable>
                <variable formalParameter="XOUT">
                  <connectionPointOut>
                    <relPosition x="90" y="50"/>
                  </connectionPointOut>
                </variable>
              </outputVariables>
            </block>
            <inVariable localId="3" height="40" width="80" negated="false">
              <position x="60" y="80"/>
              <connectionPointOut>
                <relPosition x="80" y="20"/>
              </connectionPointOut>
              <expression>ITERM</expression>
            </inVariable>
            <inVariable localId="4" height="40" width="80" negated="false">
              <position x="60" y="140"/>
              <connectionPointOut>
                <relPosition x="80" y="20"/>
              </connectionPointOut>
              <expression>KI</expression>
            </inVariable>
            <block localId="5" typeName="UINT_TO_REAL" height="40" width="110">
              <position x="200" y="140"/>
              <inputVariables>
                <variable formalParameter="IN">
                  <connectionPointIn>
                    <relPosition x="0" y="30"/>
                    <connection refLocalId="4">
                      <position x="200" y="170"/>
                      <position x="170" y="170"/>
                      <position x="170" y="160"/>
                      <position x="140" y="160"/>
                    </connection>
                  </connectionPointIn>
                </variable>
              </inputVariables>
              <inOutVariables/>
              <outputVariables>
                <variable formalParameter="OUT">
                  <connectionPointOut>
                    <relPosition x="110" y="30"/>
                  </connectionPointOut>
                </variable>
              </outputVariables>
            </block>
            <block localId="6" typeName="DIV" height="60" width="70">
              <position x="360" y="70"/>
              <inputVariables>
                <variable formalParameter="IN1">
                  <connectionPointIn>
                    <relPosition x="0" y="30"/>
                    <connection refLocalId="3">
                      <position x="360" y="100"/>
                      <position x="140" y="100"/>
                    </connection>
                  </connectionPointIn>
                </variable>
                <variable formalParameter="IN2">
                  <connectionPointIn>
                    <relPosition x="0" y="50"/>
                    <connection refLocalId="5" formalParameter="OUT">
                      <position x="360" y="120"/>
                      <position x="335" y="120"/>
                      <position x="335" y="170"/>
                      <position x="310" y="170"/>
                    </connection>
                  </connectionPointIn>
                </variable>
              </inputVariables>
              <inOutVariables/>
              <outputVariables>
                <variable formalParameter="OUT">
                  <connectionPointOut>
                    <relPosition x="70" y="30"/>
                  </connectionPointOut>
                </variable>
              </outputVariables>
            </block>
            <block localId="7" typeName="ADD" height="60" width="70">
              <position x="520" y="70"/>
              <inputVariables>
                <variable formalParameter="IN1">
                  <connectionPointIn>
                    <relPosition x="0" y="30"/>
                    <connection refLocalId="6" formalParameter="OUT">
                      <position x="520" y="100"/>
                      <position x="430" y="100"/>
                    </connection>
                  </connectionPointIn>
                </variable>
                <variable formalParameter="IN2">
                  <connectionPointIn>
                    <relPosition x="0" y="50"/>
                    <connection refLocalId="8">
                      <position x="520" y="120"/>
                      <position x="495" y="120"/>
                      <position x="495" y="160"/>
                      <position x="470" y="160"/>
                    </connection>
                  </connectionPointIn>
                </variable>
              </inputVariables>
              <inOutVariables/>
              <outputVariables>
                <variable formalParameter="OUT">
                  <connectionPointOut>
                    <relPosition x="70" y="30"/>
                  </connectionPointOut>
                </variable>
              </outputVariables>
            </block>
            <inVariable localId="8" height="40" width="70" negated="false">
              <position x="400" y="140"/>
              <connectionPointOut>
                <relPosition x="70" y="20"/>
              </connectionPointOut>
              <expression>error</expression>
            </inVariable>
            <block localId="9" typeName="MUL" height="60" width="70">
              <position x="660" y="120"/>
              <inputVariables>
                <variable formalParameter="IN1">
                  <connectionPointIn>
                    <relPosition x="0" y="30"/>
                    <connection refLocalId="7" formalParameter="OUT">
                      <position x="660" y="150"/>
                      <position x="625" y="150"/>
                      <position x="625" y="100"/>
                      <position x="590" y="100"/>
                    </connection>
                  </connectionPointIn>
                </variable>
                <variable formalParameter="IN2">
                  <connectionPointIn>
                    <relPosition x="0" y="50"/>
                    <connection refLocalId="21" formalParameter="OUT">
                      <position x="660" y="170"/>
                      <position x="590" y="170"/>
                      <position x="590" y="360"/>
                      <position x="250" y="360"/>
                    </connection>
                  </connectionPointIn>
                </variable>
              </inputVariables>
              <inOutVariables/>
              <outputVariables>
                <variable formalParameter="OUT">
                  <connectionPointOut>
                    <relPosition x="70" y="30"/>
                  </connectionPointOut>
                </variable>
              </outputVariables>
            </block>
            <block localId="10" typeName="REAL_TO_UINT" height="40" width="110">
              <position x="770" y="120"/>
              <inputVariables>
                <variable formalParameter="IN">
                  <connectionPointIn>
                    <relPosition x="0" y="30"/>
                    <connection refLocalId="9" formalParameter="OUT">
                      <position x="770" y="150"/>
                      <position x="730" y="150"/>
                    </connection>
                  </connectionPointIn>
                </variable>
              </inputVariables>
              <inOutVariables/>
              <outputVariables>
                <variable formalParameter="OUT">
                  <connectionPointOut>
                    <relPosition x="110" y="30"/>
                  </connectionPointOut>
                </variable>
              </outputVariables>
            </block>
            <outVariable localId="11" height="30" width="30" negated="false">
              <position x="930" y="140"/>
              <connectionPointIn>
                <relPosition x="0" y="20"/>
                <connection refLocalId="10" formalParameter="OUT">
                  <position x="930" y="160"/>
                  <position x="905" y="160"/>
                  <position x="905" y="150"/>
                  <position x="880" y="150"/>
                </connection>
              </connectionPointIn>
              <expression>CV</expression>
            </outVariable>
            <inVariable localId="12" height="30" width="30" negated="false">
              <position x="1000" y="60"/>
              <connectionPointOut>
                <relPosition x="30" y="20"/>
              </connectionPointOut>
              <expression>R1</expression>
            </inVariable>
            <inVariable localId="13" height="40" width="70" negated="false" executionOrderId="0">
              <position x="1000" y="100"/>
              <connectionPointOut>
                <relPosition x="70" y="20"/>
              </connectionPointOut>
              <expression>error</expression>
            </inVariable>
            <inVariable localId="14" height="30" width="30" negated="false">
              <position x="60" y="220"/>
              <connectionPointOut>
                <relPosition x="30" y="20"/>
              </connectionPointOut>
              <expression>SP</expression>
            </inVariable>
            <inVariable localId="15" height="30" width="30" negated="false">
              <position x="60" y="280"/>
              <connectionPointOut>
                <relPosition x="30" y="20"/>
              </connectionPointOut>
              <expression>PV</expression>
            </inVariable>
            <block localId="16" typeName="UINT_TO_REAL" height="40" width="110" executionOrderId="0">
              <position x="140" y="270"/>
              <inputVariables>
                <variable formalParameter="IN">
                  <connectionPointIn>
                    <relPosition x="0" y="30"/>
                    <connection refLocalId="15">
                      <position x="140" y="300"/>
                      <position x="90" y="300"/>
                    </connection>
                  </connectionPointIn>
                </variable>
              </inputVariables>
              <inOutVariables/>
              <outputVariables>
                <variable formalParameter="OUT">
                  <connectionPointOut>
                    <relPosition x="110" y="30"/>
                  </connectionPointOut>
                </variable>
              </outputVariables>
            </block>
            <block localId="17" typeName="UINT_TO_REAL" height="40" width="110" executionOrderId="0">
              <position x="140" y="210"/>
              <inputVariables>
                <variable formalParameter="IN">
                  <connectionPointIn>
                    <relPosition x="0" y="30"/>
                    <connection refLocalId="14">
                      <position x="140" y="240"/>
                      <position x="90" y="240"/>
                    </connection>
                  </connectionPointIn>
                </variable>
              </inputVariables>
              <inOutVariables/>
              <outputVariables>
                <variable formalParameter="OUT">
                  <connectionPointOut>
                    <relPosition x="110" y="30"/>
                  </connectionPointOut>
                </variable>
              </outputVariables>
            </block>
            <block localId="18" typeName="SUB" height="60" width="70">
              <position x="320" y="210"/>
              <inputVariables>
                <variable formalParameter="IN1">
                  <connectionPointIn>
                    <relPosition x="0" y="30"/>
                    <connection refLocalId="17" formalParameter="OUT">
                      <position x="320" y="240"/>
                      <position x="250" y="240"/>
                    </connection>
                  </connectionPointIn>
                </variable>
                <variable formalParameter="IN2">
                  <connectionPointIn>
                    <relPosition x="0" y="50"/>
                    <connection refLocalId="16" formalParameter="OUT">
                      <position x="320" y="260"/>
                      <position x="285" y="260"/>
                      <position x="285" y="300"/>
                      <position x="250" y="300"/>
                    </connection>
                  </connectionPointIn>
                </variable>
              </inputVariables>
              <inOutVariables/>
              <outputVariables>
                <variable formalParameter="OUT">
                  <connectionPointOut>
                    <relPosition x="70" y="30"/>
                  </connectionPointOut>
                </variable>
              </outputVariables>
            </block>
            <outVariable localId="19" height="40" width="70" negated="false">
              <position x="460" y="220"/>
              <connectionPointIn>
                <relPosition x="0" y="20"/>
                <connection refLocalId="18" formalParameter="OUT">
                  <position x="460" y="240"/>
                  <position x="390" y="240"/>
                </connection>
              </connectionPointIn>
              <expression>error</expression>
            </outVariable>
            <inVariable localId="20" height="30" width="30" negated="false">
              <position x="60" y="340"/>
              <connectionPointOut>
                <relPosition x="30" y="20"/>
              </connectionPointOut>
              <expression>KP</expression>
            </inVariable>
            <block localId="21" typeName="UINT_TO_REAL" height="40" width="110" executionOrderId="0">
              <position x="140" y="330"/>
              <inputVariables>
                <variable formalParameter="IN">
                  <connectionPointIn>
                    <relPosition x="0" y="30"/>
                    <connection refLocalId="20">
                      <position x="140" y="360"/>
                      <position x="90" y="360"/>
                    </connection>
                  </connectionPointIn>
                </variable>
              </inputVariables>
              <inOutVariables/>
              <outputVariables>
                <variable formalParameter="OUT">
                  <connectionPointOut>
                    <relPosition x="110" y="30"/>
                  </connectionPointOut>
                </variable>
              </outputVariables>
            </block>
            <inVariable localId="22" height="30" width="20" negated="false">
              <position x="930" y="200"/>
              <connectionPointOut>
                <relPosition x="20" y="20"/>
              </connectionPointOut>
              <expression>0</expression>
            </inVariable>
            <block localId="23" typeName="UINT_TO_REAL" height="40" width="110" executionOrderId="0">
              <position x="990" y="190"/>
              <inputVariables>
                <variable formalParameter="IN">
                  <connectionPointIn>
                    <relPosition x="0" y="30"/>
                    <connection refLocalId="22">
                      <position x="990" y="220"/>
                      <position x="950" y="220"/>
                    </connection>
                  </connectionPointIn>
                </variable>
              </inputVariables>
              <inOutVariables/>
              <outputVariables>
                <variable formalParameter="OUT">
                  <connectionPointOut>
                    <relPosition x="110" y="30"/>
                  </connectionPointOut>
                </variable>
              </outputVariables>
            </block>
            <block localId="25" typeName="DIV" height="60" width="70" executionOrderId="0">
              <position x="480" y="390"/>
              <inputVariables>
                <variable formalParameter="IN1">
                  <connectionPointIn>
                    <relPosition x="0" y="30"/>
                    <connection refLocalId="28" formalParameter="OUT">
                      <position x="480" y="420"/>
                      <position x="250" y="420"/>
                    </connection>
                  </connectionPointIn>
                </variable>
                <variable formalParameter="IN2">
                  <connectionPointIn>
                    <relPosition x="0" y="50"/>
                    <connection refLocalId="29" formalParameter="OUT">
                      <position x="480" y="440"/>
                      <position x="365" y="440"/>
                      <position x="365" y="480"/>
                      <position x="250" y="480"/>
                    </connection>
                  </connectionPointIn>
                </variable>
              </inputVariables>
              <inOutVariables/>
              <outputVariables>
                <variable formalParameter="OUT">
                  <connectionPointOut>
                    <relPosition x="70" y="30"/>
                  </connectionPointOut>
                </variable>
              </outputVariables>
            </block>
            <inVariable localId="26" height="30" width="34" negated="false">
              <position x="60" y="400"/>
              <connectionPointOut>
                <relPosition x="34" y="20"/>
              </connectionPointOut>
              <expression>100</expression>
            </inVariable>
            <inVariable localId="27" height="30" width="50" negated="false">
              <position x="60" y="460"/>
              <connectionPointOut>
                <relPosition x="50" y="20"/>
              </connectionPointOut>
              <expression>1000</expression>
            </inVariable>
            <block localId="28" typeName="UINT_TO_REAL" height="40" width="110" executionOrderId="0">
              <position x="140" y="390"/>
              <inputVariables>
                <variable formalParameter="IN">
                  <connectionPointIn>
                    <relPosition x="0" y="30"/>
                    <connection refLocalId="26">
                      <position x="140" y="420"/>
                      <position x="90" y="420"/>
                    </connection>
                  </connectionPointIn>
                </variable>
              </inputVariables>
              <inOutVariables/>
              <outputVariables>
                <variable formalParameter="OUT">
                  <connectionPointOut>
                    <relPosition x="110" y="30"/>
                  </connectionPointOut>
                </variable>
              </outputVariables>
            </block>
            <block localId="29" typeName="UINT_TO_REAL" height="40" width="110" executionOrderId="0">
              <position x="140" y="450"/>
              <inputVariables>
                <variable formalParameter="IN">
                  <connectionPointIn>
                    <relPosition x="0" y="30"/>
                    <connection refLocalId="27">
                      <position x="140" y="480"/>
                      <position x="110" y="480"/>
                    </connection>
                  </connectionPointIn>
                </variable>
              </inputVariables>
              <inOutVariables/>
              <outputVariables>
                <variable formalParameter="OUT">
                  <connectionPointOut>
                    <relPosition x="110" y="30"/>
                  </connectionPointOut>
                </variable>
              </outputVariables>
            </block>
            <rightPowerRail localId="30" height="40" width="10">
              <position x="1420" y="30"/>
              <connectionPointIn>
                <relPosition x="0" y="20"/>
                <connection refLocalId="2" formalParameter="Q">
                  <position x="1420" y="50"/>
                  <position x="1260" y="50"/>
                </connection>
              </connectionPointIn>
            </rightPowerRail>
            <outVariable localId="31" height="40" width="80" negated="false">
              <position x="1320" y="80"/>
              <connectionPointIn>
                <relPosition x="0" y="20"/>
                <connection refLocalId="2" formalParameter="XOUT">
                  <position x="1320" y="100"/>
                  <position x="1290" y="100"/>
                  <position x="1290" y="70"/>
                  <position x="1260" y="70"/>
                </connection>
              </connectionPointIn>
              <expression>ITERM</expression>
            </outVariable>
            <block localId="24" typeName="REAL_TO_TIME" height="40" width="110" executionOrderId="0">
              <position x="990" y="260"/>
              <inputVariables>
                <variable formalParameter="IN">
                  <connectionPointIn>
                    <relPosition x="0" y="30"/>
                    <connection refLocalId="25" formalParameter="OUT">
                      <position x="990" y="290"/>
                      <position x="770" y="290"/>
                      <position x="770" y="420"/>
                      <position x="550" y="420"/>
                    </connection>
                  </connectionPointIn>
                </variable>
              </inputVariables>
              <inOutVariables/>
              <outputVariables>
                <variable formalParameter="OUT">
                  <connectionPointOut>
                    <relPosition x="110" y="30"/>
                  </connectionPointOut>
                </variable>
              </outputVariables>
            </block>
          </LD>
        </body>
      </pou>
    </pous>
  </types>
  <instances>
    <configurations>
      <configuration name="Config0">
        <resource name="Res0">
          <task name="task0" priority="0" interval="T#20ms">
            <pouInstance name="instance0" typeName="AWS"/>
          </task>
        </resource>
      </configuration>
    </configurations>
  </instances>
</project>
